statement,label
Luxury goods shares plunge unexpectedly as retail demand surges.,0
Luxury goods shares face contagion from peers as retail demand surges.,0
Pension fund allocations collapse under leverage during market open hours.,0
Emerging-market equities erode on margin expansion during a risk-off sell-off.,0
10-year Treasury yield see record drawdowns amid economic uncertainty.,0
Real estate REITs face short-squeeze reversals after corporate guidance cuts.,0
Real estate REITs erode on margin expansion amid liquidity constraints.,0
Corporate bond spreads hit multi-year lows over the past year.,0
Green energy stocks spike amid speculative frenzy during the holiday trading session.,0
S&P 500 index face short-squeeze reversals during the holiday trading session.,0
Forex speculators face regulatory probes this week.,0
High-yield debt face regulatory probes during a risk-off sell-off.,0
S&P 500 index breach critical support levels after corporate guidance cuts.,0
Corporate bond spreads see record drawdowns since last earnings season.,0
Institutional funds breach critical support levels amid economic uncertainty.,0
Semiconductor fabs see historic underperformance since last earnings season.,0
Pension fund allocations suffer margin calls during the holiday trading session.,0
S&P 500 index suffer margin calls since last earnings season.,0
Luxury goods shares face regulatory probes this quarter.,0
S&P 500 index breach volatility thresholds in the wake of policy changes.,0
Automotive suppliers spike amid speculative frenzy during peak trading volumes.,0
S&P 500 index trigger forced liquidations during the holiday trading session.,0
Real estate REITs experience flash crashes following central bank remarks.,0
10-year Treasury yield tumble on liquidity fears following central bank remarks.,0
Retail investors see record drawdowns during the holiday trading session.,0
Tech startup valuations collapse under leverage ahead of the CPI print.,0
Green energy stocks breach volatility thresholds ahead of the CPI print.,0
Consumer staples breach critical support levels amid liquidity constraints.,0
Emerging-market equities stall under tightening bias after corporate guidance cuts.,0
Institutional funds face regulatory probes during a risk-off sell-off.,0
Real estate REITs spike amid speculative frenzy after a major merger announcement.,0
Healthcare IPOs suffer margin calls during market open hours.,0
S&P 500 index witness pump-and-dump schemes during market open hours.,0
Biotech pipelines hit multi-year lows year-to-date.,0
Emerging-market equities tumble on liquidity fears in the wake of policy changes.,0
Luxury goods shares skyrocket without warning year-to-date.,0
Retail investors erode on margin expansion year-to-date.,0
10-year Treasury yield skyrocket without warning amid rising inflation expectations.,0
S&P 500 index spike amid speculative frenzy since last earnings season.,0
Automotive suppliers trigger forced liquidations after a major merger announcement.,0
Semiconductor fabs see record drawdowns amid economic uncertainty.,0
S&P 500 index skyrocket without warning after a major merger announcement.,0
Pension fund allocations witness pump-and-dump schemes after corporate guidance cuts.,0
Healthcare IPOs plunge unexpectedly in the wake of policy changes.,0
Tech startup valuations see record drawdowns during market open hours.,0
Consumer staples face contagion from peers year-to-date.,0
Real estate REITs see record drawdowns ahead of the CPI print.,0
Options traders witness pump-and-dump schemes after corporate guidance cuts.,0
Bitcoin prices trigger forced liquidations during market open hours.,0
Green energy stocks erode on margin expansion amid liquidity constraints.,0
Gold futures see record drawdowns during the holiday trading session.,0
Luxury goods shares face contagion from peers during the holiday trading session.,0
High-yield debt plunge unexpectedly ahead of the Fed meeting.,0
10-year Treasury yield see historic underperformance ahead of the Fed meeting.,0
Crude oil benchmarks face contagion from peers amid rising inflation expectations.,0
Luxury goods shares face regulatory probes during the holiday trading session.,0
Crude oil benchmarks collapse under leverage during market open hours.,0
Emerging-market equities witness pump-and-dump schemes during the holiday trading session.,0
Biotech pipelines erode on margin expansion before the bond auction.,0
Real estate REITs skyrocket without warning amid rising inflation expectations.,0
Emerging-market equities trigger forced liquidations following central bank remarks.,0
Green energy stocks hit multi-year lows after corporate guidance cuts.,0
Ethereum volatility experience flash crashes amid rising inflation expectations.,0
Biotech pipelines breach critical support levels this quarter.,0
Corporate bond spreads tumble on liquidity fears ahead of the Fed meeting.,0
Ethereum volatility experience flash crashes over the past year.,0
Consumer staples stall under tightening bias before the bond auction.,0
NASDAQ Composite collapse under leverage after a major merger announcement.,0
Tech startup valuations witness pump-and-dump schemes as retail demand surges.,0
Semiconductor fabs hit multi-year lows ahead of the CPI print.,0
Gold futures spike amid speculative frenzy during a risk-off sell-off.,0
Crude oil benchmarks face short-squeeze reversals since last earnings season.,0
Semiconductor fabs lash out on geopolitical news as retail demand surges.,0
10-year Treasury yield witness pump-and-dump schemes year-to-date.,0
Corporate bond spreads see record drawdowns after a major merger announcement.,0
Semiconductor fabs collapse under leverage before the bond auction.,0
10-year Treasury yield experience flash crashes before the bond auction.,0
Corporate bond spreads face regulatory probes during peak trading volumes.,0
Day traders suffer margin calls after corporate guidance cuts.,0
Healthcare IPOs erode on margin expansion ahead of the CPI print.,0
Semiconductor fabs spike amid speculative frenzy after corporate guidance cuts.,0
Gold futures face regulatory probes amid liquidity constraints.,0
Retail investors breach volatility thresholds this quarter.,0
NASDAQ Composite stall under tightening bias since last earnings season.,0
Bitcoin prices witness pump-and-dump schemes after a major merger announcement.,0
Ethereum volatility stall under tightening bias during market open hours.,0
Bitcoin prices breach critical support levels this quarter.,0
Gold futures lash out on geopolitical news amid economic uncertainty.,0
Day traders erode on margin expansion ahead of the CPI print.,0
NASDAQ Composite breach volatility thresholds year-to-date.,0
10-year Treasury yield trigger forced liquidations during the holiday trading session.,0
Automotive suppliers experience flash crashes ahead of the Fed meeting.,0
10-year Treasury yield breach volatility thresholds amid rising inflation expectations.,0
Biotech pipelines suffer margin calls during peak trading volumes.,0
10-year Treasury yield see historic underperformance this week.,0
Options traders face regulatory probes after corporate guidance cuts.,0
Green energy stocks tumble on liquidity fears this quarter.,0
Pension fund allocations face contagion from peers this quarter.,0
Tech startup valuations face contagion from peers after a major merger announcement.,0
Semiconductor fabs witness pump-and-dump schemes amid liquidity constraints.,0
Healthcare IPOs tumble on liquidity fears this quarter.,0
Bitcoin prices experience flash crashes ahead of the CPI print.,0
Crude oil benchmarks experience flash crashes amid economic uncertainty.,0
Options traders suffer margin calls during peak trading volumes.,0
Gold futures skyrocket without warning amid rising inflation expectations.,0
Institutional funds suffer margin calls year-to-date.,0
High-yield debt breach volatility thresholds amid liquidity constraints.,0
Emerging-market equities face contagion from peers before the bond auction.,0
Tech startup valuations face contagion from peers amid liquidity constraints.,0
Semiconductor fabs hit multi-year lows during market open hours.,0
Semiconductor fabs spike amid speculative frenzy before the bond auction.,0
Crude oil benchmarks suffer margin calls over the past year.,0
Green energy stocks collapse under leverage since last earnings season.,0
10-year Treasury yield breach critical support levels before the bond auction.,0
Healthcare IPOs breach critical support levels as retail demand surges.,0
Options traders see historic underperformance this quarter.,0
S&P 500 index face regulatory probes during the holiday trading session.,0
Crude oil benchmarks hit multi-year lows this week.,0
Real estate REITs plunge unexpectedly over the past year.,0
S&P 500 index hit multi-year lows during market open hours.,0
Institutional funds breach critical support levels during a risk-off sell-off.,0
Automotive suppliers erode on margin expansion as retail demand surges.,0
Healthcare IPOs lash out on geopolitical news during the holiday trading session.,0
Institutional funds lash out on geopolitical news ahead of the CPI print.,0
S&P 500 index face short-squeeze reversals ahead of the Fed meeting.,0
Luxury goods shares experience flash crashes over the past year.,0
NASDAQ Composite lash out on geopolitical news during peak trading volumes.,0
Crude oil benchmarks see record drawdowns during the holiday trading session.,0
Automotive suppliers spike amid speculative frenzy after a major merger announcement.,0
Healthcare IPOs breach critical support levels following central bank remarks.,0
Ethereum volatility suffer margin calls this week.,0
Day traders face contagion from peers ahead of the Fed meeting.,0
S&P 500 index spike amid speculative frenzy amid liquidity constraints.,0
Gold futures suffer margin calls this quarter.,0
Green energy stocks lash out on geopolitical news following central bank remarks.,0
Day traders erode on margin expansion year-to-date.,0
Healthcare IPOs hit multi-year lows as retail demand surges.,0
NASDAQ Composite experience flash crashes before the bond auction.,0
Pension fund allocations erode on margin expansion this quarter.,0
Consumer staples hit multi-year lows during the holiday trading session.,0
Healthcare IPOs lash out on geopolitical news following central bank remarks.,0
Forex speculators face contagion from peers year-to-date.,0
Automotive suppliers suffer margin calls as retail demand surges.,0
Luxury goods shares face regulatory probes over the past year.,0
Pension fund allocations witness pump-and-dump schemes amid economic uncertainty.,0
Biotech pipelines hit multi-year lows after corporate guidance cuts.,0
Corporate bond spreads collapse under leverage ahead of the CPI print.,0
Green energy stocks face short-squeeze reversals after corporate guidance cuts.,0
Institutional funds experience flash crashes as retail demand surges.,0
Day traders tumble on liquidity fears before the bond auction.,0
Retail investors spike amid speculative frenzy during a risk-off sell-off.,0
Real estate REITs hit multi-year lows since last earnings season.,0
Automotive suppliers collapse under leverage year-to-date.,0
Luxury goods shares erode on margin expansion during peak trading volumes.,0
Ethereum volatility spike amid speculative frenzy this week.,0
10-year Treasury yield witness pump-and-dump schemes during market open hours.,0
Healthcare IPOs breach critical support levels during market open hours.,0
Ethereum volatility lash out on geopolitical news ahead of the CPI print.,0
Real estate REITs lash out on geopolitical news amid rising inflation expectations.,0
Bitcoin prices experience flash crashes during a risk-off sell-off.,0
Retail investors suffer margin calls after corporate guidance cuts.,0
Real estate REITs plunge unexpectedly as retail demand surges.,0
Healthcare IPOs lash out on geopolitical news during market open hours.,0
10-year Treasury yield suffer margin calls during peak trading volumes.,0
Retail investors breach volatility thresholds amid liquidity constraints.,0
Pension fund allocations trigger forced liquidations over the past year.,0
Automotive suppliers hit multi-year lows during the holiday trading session.,0
Retail investors plunge unexpectedly ahead of the CPI print.,0
S&P 500 index hit multi-year lows after a major merger announcement.,0
Healthcare IPOs spike amid speculative frenzy before the bond auction.,0
Corporate bond spreads breach volatility thresholds this week.,0
Healthcare IPOs face regulatory probes ahead of the CPI print.,0
NASDAQ Composite trigger forced liquidations amid economic uncertainty.,0
Corporate bond spreads tumble on liquidity fears amid liquidity constraints.,0
Automotive suppliers face regulatory probes amid economic uncertainty.,0
High-yield debt see historic underperformance before the bond auction.,0
Healthcare IPOs stall under tightening bias amid economic uncertainty.,0
Sovereign wealth funds face contagion from peers during a risk-off sell-off.,0
Gold futures breach volatility thresholds after a major merger announcement.,0
Hedge funds experience flash crashes in the wake of policy changes.,0
Emerging-market equities collapse under leverage following central bank remarks.,0
Day traders stall under tightening bias as retail demand surges.,0
Healthcare IPOs collapse under leverage this week.,0
Hedge funds spike amid speculative frenzy in the wake of policy changes.,0
Biotech pipelines plunge unexpectedly amid liquidity constraints.,0
Crude oil benchmarks hit multi-year lows as retail demand surges.,0
Biotech pipelines witness pump-and-dump schemes this quarter.,0
NASDAQ Composite face short-squeeze reversals ahead of the CPI print.,0
Gold futures lash out on geopolitical news during the holiday trading session.,0
Forex speculators see record drawdowns ahead of the CPI print.,0
Retail investors suffer margin calls amid rising inflation expectations.,0
Corporate bond spreads collapse under leverage after corporate guidance cuts.,0
Bitcoin prices face short-squeeze reversals following central bank remarks.,0
Institutional funds witness pump-and-dump schemes following central bank remarks.,0
Day traders lash out on geopolitical news ahead of the CPI print.,0
High-yield debt hit multi-year lows year-to-date.,0
Semiconductor fabs lash out on geopolitical news after a major merger announcement.,0
Green energy stocks skyrocket without warning before the bond auction.,0
Sovereign wealth funds see record drawdowns amid economic uncertainty.,0
Biotech pipelines erode on margin expansion during a risk-off sell-off.,0
Automotive suppliers collapse under leverage amid economic uncertainty.,0
High-yield debt experience flash crashes during peak trading volumes.,0
High-yield debt see record drawdowns amid rising inflation expectations.,0
Luxury goods shares experience flash crashes this week.,0
Automotive suppliers erode on margin expansion during peak trading volumes.,0
Ethereum volatility plunge unexpectedly during peak trading volumes.,0
Pension fund allocations skyrocket without warning amid rising inflation expectations.,0
Luxury goods shares hit multi-year lows during a risk-off sell-off.,0
Real estate REITs witness pump-and-dump schemes year-to-date.,0
Corporate bond spreads witness pump-and-dump schemes after a major merger announcement.,0
NASDAQ Composite collapse under leverage during a risk-off sell-off.,0
10-year Treasury yield face contagion from peers during the holiday trading session.,0
Semiconductor fabs skyrocket without warning this week.,0
Healthcare IPOs collapse under leverage this quarter.,0
Options traders see record drawdowns before the bond auction.,0
Semiconductor fabs erode on margin expansion amid liquidity constraints.,0
Tech startup valuations trigger forced liquidations since last earnings season.,0
Institutional funds erode on margin expansion before the bond auction.,0
Real estate REITs lash out on geopolitical news during market open hours.,0
Automotive suppliers hit multi-year lows this week.,0
S&P 500 index collapse under leverage since last earnings season.,0
Ethereum volatility breach volatility thresholds during peak trading volumes.,0
Sovereign wealth funds breach critical support levels before the bond auction.,0
NASDAQ Composite trigger forced liquidations since last earnings season.,0
Forex speculators suffer margin calls during peak trading volumes.,0
Corporate bond spreads see record drawdowns this week.,0
Luxury goods shares see historic underperformance before the bond auction.,0
Gold futures witness pump-and-dump schemes during market open hours.,0
Tech startup valuations lash out on geopolitical news during market open hours.,0
Crude oil benchmarks collapse under leverage during a risk-off sell-off.,0
Biotech pipelines collapse under leverage ahead of the CPI print.,0
Biotech pipelines spike amid speculative frenzy before the bond auction.,0
S&P 500 index suffer margin calls ahead of the Fed meeting.,0
10-year Treasury yield hit multi-year lows after a major merger announcement.,0
Luxury goods shares plunge unexpectedly over the past year.,0
Institutional funds see record drawdowns amid liquidity constraints.,0
Bitcoin prices stall under tightening bias during peak trading volumes.,0
Automotive suppliers see record drawdowns after corporate guidance cuts.,0
Luxury goods shares erode on margin expansion during market open hours.,0
Hedge funds face short-squeeze reversals during a risk-off sell-off.,0
NASDAQ Composite tumble on liquidity fears amid rising inflation expectations.,0
Sovereign wealth funds suffer margin calls during the holiday trading session.,0
Semiconductor fabs suffer margin calls following central bank remarks.,0
Consumer staples face short-squeeze reversals during peak trading volumes.,0
Sovereign wealth funds see historic underperformance amid rising inflation expectations.,0
S&P 500 index trigger forced liquidations amid rising inflation expectations.,0
Consumer staples tumble on liquidity fears during market open hours.,0
Tech startup valuations breach volatility thresholds ahead of the Fed meeting.,0
Day traders breach critical support levels amid liquidity constraints.,0
Forex speculators trigger forced liquidations this week.,0
Forex speculators witness pump-and-dump schemes during the holiday trading session.,0
Semiconductor fabs breach critical support levels amid economic uncertainty.,0
Automotive suppliers breach volatility thresholds after a major merger announcement.,0
Hedge funds witness pump-and-dump schemes amid rising inflation expectations.,0
Retail investors breach volatility thresholds year-to-date.,0
Emerging-market equities trigger forced liquidations during peak trading volumes.,0
Semiconductor fabs skyrocket without warning as retail demand surges.,0
Ethereum volatility face regulatory probes amid economic uncertainty.,0
Institutional funds see historic underperformance over the past year.,0
Gold futures stall under tightening bias following central bank remarks.,0
Hedge funds breach critical support levels since last earnings season.,0
Crude oil benchmarks stall under tightening bias following central bank remarks.,0
Corporate bond spreads hit multi-year lows before the bond auction.,0
10-year Treasury yield erode on margin expansion in the wake of policy changes.,0
Corporate bond spreads erode on margin expansion during peak trading volumes.,0
Crude oil benchmarks hit multi-year lows year-to-date.,0
Emerging-market equities lash out on geopolitical news over the past year.,0
Crude oil benchmarks face short-squeeze reversals this week.,0
Options traders trigger forced liquidations in the wake of policy changes.,0
Biotech pipelines see historic underperformance this quarter.,0
Real estate REITs breach critical support levels during market open hours.,0
Crude oil benchmarks skyrocket without warning amid liquidity constraints.,0
Institutional funds suffer margin calls ahead of the CPI print.,0
Ethereum volatility experience flash crashes amid economic uncertainty.,0
Real estate REITs see historic underperformance year-to-date.,0
Emerging-market equities skyrocket without warning as retail demand surges.,0
Healthcare IPOs collapse under leverage during peak trading volumes.,0
Automotive suppliers stall under tightening bias this week.,0
Ethereum volatility see historic underperformance since last earnings season.,0
NASDAQ Composite breach volatility thresholds following central bank remarks.,0
Biotech pipelines face short-squeeze reversals during peak trading volumes.,0
Biotech pipelines lash out on geopolitical news ahead of the CPI print.,0
Ethereum volatility lash out on geopolitical news after a major merger announcement.,0
Pension fund allocations collapse under leverage since last earnings season.,0
Forex speculators face regulatory probes ahead of the CPI print.,0
Emerging-market equities experience flash crashes over the past year.,0
High-yield debt stall under tightening bias this quarter.,0
Real estate REITs suffer margin calls this week.,0
NASDAQ Composite stall under tightening bias this quarter.,0
Gold futures experience flash crashes this week.,0
Real estate REITs experience flash crashes ahead of the Fed meeting.,0
Pension fund allocations face regulatory probes amid rising inflation expectations.,0
Options traders experience flash crashes during a risk-off sell-off.,0
Gold futures erode on margin expansion amid rising inflation expectations.,0
Gold futures face short-squeeze reversals ahead of the CPI print.,0
Forex speculators see historic underperformance before the bond auction.,0
Consumer staples see record drawdowns in the wake of policy changes.,0
NASDAQ Composite face contagion from peers in the wake of policy changes.,0
10-year Treasury yield breach critical support levels during peak trading volumes.,0
High-yield debt breach critical support levels this quarter.,0
Consumer staples see historic underperformance during a risk-off sell-off.,0
10-year Treasury yield spike amid speculative frenzy as retail demand surges.,0
Bitcoin prices face contagion from peers after a major merger announcement.,0
Day traders trigger forced liquidations during market open hours.,0
Ethereum volatility tumble on liquidity fears amid economic uncertainty.,0
Healthcare IPOs skyrocket without warning amid liquidity constraints.,0
Pension fund allocations face regulatory probes since last earnings season.,0
Real estate REITs collapse under leverage ahead of the Fed meeting.,0
Institutional funds face regulatory probes after a major merger announcement.,0
Emerging-market equities breach critical support levels this quarter.,0
Tech startup valuations face regulatory probes during market open hours.,0
Healthcare IPOs witness pump-and-dump schemes following central bank remarks.,0
Green energy stocks plunge unexpectedly year-to-date.,0
10-year Treasury yield see historic underperformance during peak trading volumes.,0
Green energy stocks witness pump-and-dump schemes this week.,0
Biotech pipelines face regulatory probes over the past year.,0
Semiconductor fabs see record drawdowns following central bank remarks.,0
Corporate bond spreads experience flash crashes during a risk-off sell-off.,0
Tech startup valuations face regulatory probes during the holiday trading session.,0
10-year Treasury yield trigger forced liquidations amid liquidity constraints.,0
Luxury goods shares see historic underperformance amid liquidity constraints.,0
S&P 500 index spike amid speculative frenzy during market open hours.,0
Ethereum volatility see historic underperformance during a risk-off sell-off.,0
Sovereign wealth funds plunge unexpectedly this quarter.,0
Ethereum volatility face contagion from peers over the past year.,0
Luxury goods shares see record drawdowns in the wake of policy changes.,0
Ethereum volatility lash out on geopolitical news as retail demand surges.,0
Healthcare IPOs collapse under leverage amid economic uncertainty.,0
Institutional funds breach critical support levels ahead of the CPI print.,0
Institutional funds erode on margin expansion amid rising inflation expectations.,0
Crude oil benchmarks skyrocket without warning following central bank remarks.,0
Luxury goods shares see record drawdowns this week.,0
Semiconductor fabs collapse under leverage amid rising inflation expectations.,0
Pension fund allocations face contagion from peers amid rising inflation expectations.,0
Bitcoin prices spike amid speculative frenzy over the past year.,0
Real estate REITs collapse under leverage during peak trading volumes.,0
Corporate bond spreads hit multi-year lows as retail demand surges.,0
Healthcare IPOs breach critical support levels after corporate guidance cuts.,0
Real estate REITs skyrocket without warning after a major merger announcement.,0
Luxury goods shares experience flash crashes amid rising inflation expectations.,0
S&P 500 index experience flash crashes year-to-date.,0
10-year Treasury yield breach critical support levels in the wake of policy changes.,0
Biotech pipelines hit multi-year lows before the bond auction.,0
Forex speculators tumble on liquidity fears after corporate guidance cuts.,0
10-year Treasury yield erode on margin expansion over the past year.,0
Day traders hit multi-year lows before the bond auction.,0
Luxury goods shares suffer margin calls following central bank remarks.,0
Luxury goods shares face contagion from peers amid rising inflation expectations.,0
Healthcare IPOs trigger forced liquidations following central bank remarks.,0
NASDAQ Composite breach critical support levels year-to-date.,0
Emerging-market equities erode on margin expansion during the holiday trading session.,0
10-year Treasury yield see historic underperformance in the wake of policy changes.,0
Crude oil benchmarks spike amid speculative frenzy during a risk-off sell-off.,0
Biotech pipelines witness pump-and-dump schemes in the wake of policy changes.,0
Retail investors tumble on liquidity fears after a major merger announcement.,0
Real estate REITs spike amid speculative frenzy following central bank remarks.,0
Forex speculators lash out on geopolitical news after corporate guidance cuts.,0
Sovereign wealth funds trigger forced liquidations during a risk-off sell-off.,0
Luxury goods shares plunge unexpectedly this quarter.,0
NASDAQ Composite suffer margin calls over the past year.,0
Retail investors see historic underperformance amid rising inflation expectations.,0
Luxury goods shares stall under tightening bias as retail demand surges.,0
Semiconductor fabs see record drawdowns over the past year.,0
Tech startup valuations tumble on liquidity fears amid rising inflation expectations.,0
Semiconductor fabs lash out on geopolitical news amid economic uncertainty.,0
Gold futures plunge unexpectedly after corporate guidance cuts.,0
Semiconductor fabs tumble on liquidity fears amid economic uncertainty.,0
Hedge funds see historic underperformance after corporate guidance cuts.,0
Sovereign wealth funds trigger forced liquidations during market open hours.,0
Day traders face regulatory probes after corporate guidance cuts.,0
Institutional funds lash out on geopolitical news during a risk-off sell-off.,0
High-yield debt plunge unexpectedly ahead of the CPI print.,0
Biotech pipelines plunge unexpectedly amid economic uncertainty.,0
Automotive suppliers hit multi-year lows amid economic uncertainty.,0
NASDAQ Composite see record drawdowns during market open hours.,0
Hedge funds lash out on geopolitical news this quarter.,0
Tech startup valuations spike amid speculative frenzy during peak trading volumes.,0
Pension fund allocations lash out on geopolitical news during a risk-off sell-off.,0
Ethereum volatility trigger forced liquidations ahead of the CPI print.,0
Bitcoin prices face contagion from peers before the bond auction.,0
10-year Treasury yield see historic underperformance amid liquidity constraints.,0
Tech startup valuations face regulatory probes amid liquidity constraints.,0
Consumer staples breach volatility thresholds during the holiday trading session.,0
S&P 500 index face short-squeeze reversals during market open hours.,0
Healthcare IPOs suffer margin calls over the past year.,0
Luxury goods shares suffer margin calls since last earnings season.,0
Gold futures face contagion from peers after a major merger announcement.,0
High-yield debt suffer margin calls during market open hours.,0
Retail investors face regulatory probes after a major merger announcement.,0
Bitcoin prices spike amid speculative frenzy during peak trading volumes.,0
Luxury goods shares collapse under leverage before the bond auction.,0
Consumer staples lash out on geopolitical news in the wake of policy changes.,0
Sovereign wealth funds skyrocket without warning during peak trading volumes.,0
Sovereign wealth funds suffer margin calls amid rising inflation expectations.,0
Healthcare IPOs see historic underperformance after a major merger announcement.,0
Crude oil benchmarks breach critical support levels in the wake of policy changes.,0
Automotive suppliers face short-squeeze reversals during a risk-off sell-off.,0
Gold futures face contagion from peers during the holiday trading session.,0
Luxury goods shares witness pump-and-dump schemes this week.,0
Sovereign wealth funds stall under tightening bias over the past year.,0
Green energy stocks see record drawdowns during market open hours.,0
NASDAQ Composite see historic underperformance as retail demand surges.,0
Day traders face short-squeeze reversals after corporate guidance cuts.,0
Emerging-market equities face regulatory probes following central bank remarks.,0
Green energy stocks collapse under leverage following central bank remarks.,0
Luxury goods shares stall under tightening bias during a risk-off sell-off.,0
Crude oil benchmarks witness pump-and-dump schemes during a risk-off sell-off.,0
Healthcare IPOs see record drawdowns following central bank remarks.,0
Green energy stocks breach volatility thresholds this week.,0
Day traders stall under tightening bias during peak trading volumes.,0
Hedge funds face contagion from peers in the wake of policy changes.,0
Sovereign wealth funds erode on margin expansion ahead of the CPI print.,0
S&P 500 index see record drawdowns amid rising inflation expectations.,0
Ethereum volatility suffer margin calls as retail demand surges.,0
NASDAQ Composite breach volatility thresholds before the bond auction.,0
Healthcare IPOs breach critical support levels during the holiday trading session.,0
Day traders lash out on geopolitical news over the past year.,0
NASDAQ Composite hit multi-year lows as retail demand surges.,0
Pension fund allocations see historic underperformance ahead of the CPI print.,0
Pension fund allocations skyrocket without warning as retail demand surges.,0
Tech startup valuations breach critical support levels this quarter.,0
Tech startup valuations lash out on geopolitical news since last earnings season.,0
Healthcare IPOs suffer margin calls since last earnings season.,0
10-year Treasury yield spike amid speculative frenzy amid rising inflation expectations.,0
Bitcoin prices suffer margin calls amid liquidity constraints.,0
Healthcare IPOs stall under tightening bias this quarter.,0
Ethereum volatility spike amid speculative frenzy year-to-date.,0
S&P 500 index see record drawdowns during a risk-off sell-off.,0
Consumer staples stall under tightening bias after a major merger announcement.,0
S&P 500 index breach critical support levels this quarter.,0
Gold futures witness pump-and-dump schemes as retail demand surges.,0
Corporate bond spreads erode on margin expansion amid rising inflation expectations.,0
Day traders experience flash crashes this quarter.,0
Options traders see record drawdowns during market open hours.,0
Bitcoin prices trigger forced liquidations ahead of the Fed meeting.,0
Emerging-market equities face regulatory probes ahead of the CPI print.,0
Crude oil benchmarks lash out on geopolitical news during a risk-off sell-off.,0
Options traders see historic underperformance over the past year.,0
Tech startup valuations hit multi-year lows in the wake of policy changes.,0
Semiconductor fabs suffer margin calls this quarter.,0
Biotech pipelines suffer margin calls amid liquidity constraints.,0
10-year Treasury yield hit multi-year lows during market open hours.,0
High-yield debt face regulatory probes during market open hours.,0
Retail investors erode on margin expansion following central bank remarks.,0
Biotech pipelines face short-squeeze reversals before the bond auction.,0
Semiconductor fabs face regulatory probes since last earnings season.,0
NASDAQ Composite face contagion from peers as retail demand surges.,0
Retail investors see record drawdowns amid liquidity constraints.,0
Institutional funds face contagion from peers before the bond auction.,0
Forex speculators tumble on liquidity fears over the past year.,0
Corporate bond spreads tumble on liquidity fears after a major merger announcement.,0
Emerging-market equities spike amid speculative frenzy year-to-date.,0
Green energy stocks lash out on geopolitical news as retail demand surges.,0
Day traders plunge unexpectedly this quarter.,0
Pension fund allocations erode on margin expansion since last earnings season.,0
Crude oil benchmarks face regulatory probes amid rising inflation expectations.,0
10-year Treasury yield experience flash crashes during a risk-off sell-off.,0
10-year Treasury yield erode on margin expansion as retail demand surges.,0
Semiconductor fabs stall under tightening bias year-to-date.,0
Tech startup valuations plunge unexpectedly after corporate guidance cuts.,0
Healthcare IPOs spike amid speculative frenzy amid economic uncertainty.,0
Institutional funds see record drawdowns in the wake of policy changes.,0
Emerging-market equities see record drawdowns during a risk-off sell-off.,0
Day traders see historic underperformance since last earnings season.,0
Tech startup valuations collapse under leverage after corporate guidance cuts.,0
Corporate bond spreads see historic underperformance since last earnings season.,0
Retail investors face regulatory probes amid liquidity constraints.,0
Luxury goods shares witness pump-and-dump schemes during a risk-off sell-off.,0
Corporate bond spreads collapse under leverage this week.,0
Green energy stocks suffer margin calls during peak trading volumes.,0
Semiconductor fabs stall under tightening bias amid economic uncertainty.,0
S&P 500 index face regulatory probes amid rising inflation expectations.,0
Forex speculators see record drawdowns before the bond auction.,0
Forex speculators lash out on geopolitical news amid economic uncertainty.,0
Automotive suppliers plunge unexpectedly during market open hours.,0
Semiconductor fabs suffer margin calls after a major merger announcement.,0
High-yield debt spike amid speculative frenzy amid economic uncertainty.,0
Forex speculators stall under tightening bias since last earnings season.,0
Ethereum volatility erode on margin expansion this quarter.,0
High-yield debt see record drawdowns during the holiday trading session.,0
Institutional funds plunge unexpectedly ahead of the Fed meeting.,0
Crude oil benchmarks breach critical support levels this week.,0
Sovereign wealth funds stall under tightening bias ahead of the Fed meeting.,0
Bitcoin prices breach volatility thresholds year-to-date.,0
Automotive suppliers see record drawdowns this week.,0
Crude oil benchmarks collapse under leverage since last earnings season.,0
Corporate bond spreads see historic underperformance before the bond auction.,0
Sovereign wealth funds tumble on liquidity fears after corporate guidance cuts.,0
Real estate REITs plunge unexpectedly during a risk-off sell-off.,0
Real estate REITs face regulatory probes in the wake of policy changes.,0
Bitcoin prices see record drawdowns year-to-date.,0
Tech startup valuations lash out on geopolitical news after corporate guidance cuts.,0
Bitcoin prices collapse under leverage this week.,0
Biotech pipelines lash out on geopolitical news during peak trading volumes.,0
Luxury goods shares skyrocket without warning during a risk-off sell-off.,0
Bitcoin prices witness pump-and-dump schemes amid economic uncertainty.,0
Luxury goods shares erode on margin expansion year-to-date.,0
Corporate bond spreads face short-squeeze reversals during a risk-off sell-off.,0
Forex speculators collapse under leverage in the wake of policy changes.,0
Corporate bond spreads trigger forced liquidations ahead of the Fed meeting.,0
Forex speculators remain uncorrelated to equities before the bond auction.,1
S&P 500 index see consistent inflows in the wake of policy changes.,1
S&P 500 index show steady cash flow this week.,1
Gold futures see consistent inflows since last earnings season.,1
Green energy stocks track benchmark indices closely amid rising inflation expectations.,1
Options traders remain range-bound this week.,1
Ethereum volatility show steady cash flow during market open hours.,1
Forex speculators attract long-term investors in the wake of policy changes.,1
Ethereum volatility provide predictable yields since last earnings season.,1
Ethereum volatility remain range-bound after corporate guidance cuts.,1
Day traders display robust financials during peak trading volumes.,1
Corporate bond spreads display robust financials before the bond auction.,1
Forex speculators maintain high credit ratings in the wake of policy changes.,1
Sovereign wealth funds deliver consistent performance ahead of the Fed meeting.,1
Corporate bond spreads maintain low volatility amid rising inflation expectations.,1
Healthcare IPOs offer stable returns since last earnings season.,1
Bitcoin prices benefit from strong fundamentals following central bank remarks.,1
Consumer staples attract long-term investors this quarter.,1
Automotive suppliers provide predictable yields ahead of the CPI print.,1
Tech startup valuations hold value over time amid rising inflation expectations.,1
Green energy stocks remain uncorrelated to equities amid liquidity constraints.,1
Gold futures provide predictable yields in the wake of policy changes.,1
Day traders offer stable returns amid economic uncertainty.,1
High-yield debt remain range-bound during the holiday trading session.,1
Pension fund allocations provide predictable yields over the past year.,1
Institutional funds display robust financials following central bank remarks.,1
Crude oil benchmarks deliver consistent performance following central bank remarks.,1
Real estate REITs remain range-bound since last earnings season.,1
NASDAQ Composite sustain dividend payouts as retail demand surges.,1
High-yield debt deliver consistent performance this quarter.,1
Biotech pipelines maintain high credit ratings amid liquidity constraints.,1
Crude oil benchmarks sustain dividend payouts amid economic uncertainty.,1
NASDAQ Composite see gradual growth after a major merger announcement.,1
Corporate bond spreads maintain high credit ratings amid liquidity constraints.,1
Automotive suppliers attract long-term investors ahead of the CPI print.,1
Crude oil benchmarks trade within narrow bands since last earnings season.,1
Automotive suppliers provide predictable yields amid economic uncertainty.,1
High-yield debt deliver consistent performance year-to-date.,1
Consumer staples see consistent inflows ahead of the CPI print.,1
Green energy stocks offer stable returns this week.,1
Real estate REITs remain range-bound following central bank remarks.,1
Gold futures hold value over time after corporate guidance cuts.,1
Luxury goods shares offer stable returns before the bond auction.,1
Luxury goods shares exhibit defensive characteristics as retail demand surges.,1
Retail investors remain uncorrelated to equities ahead of the CPI print.,1
Corporate bond spreads display robust financials as retail demand surges.,1
Sovereign wealth funds exhibit defensive characteristics in the wake of policy changes.,1
Biotech pipelines maintain low volatility year-to-date.,1
10-year Treasury yield trade within narrow bands before the bond auction.,1
Corporate bond spreads track benchmark indices closely before the bond auction.,1
Luxury goods shares hold value over time amid liquidity constraints.,1
S&P 500 index remain range-bound after a major merger announcement.,1
Forex speculators remain uncorrelated to equities amid liquidity constraints.,1
Ethereum volatility offer inflation protection since last earnings season.,1
S&P 500 index hold value over time amid liquidity constraints.,1
Healthcare IPOs remain uncorrelated to equities in the wake of policy changes.,1
Biotech pipelines hold value over time following central bank remarks.,1
Biotech pipelines hold value over time year-to-date.,1
NASDAQ Composite maintain high credit ratings during market open hours.,1
NASDAQ Composite provide predictable yields following central bank remarks.,1
Biotech pipelines deliver consistent performance amid liquidity constraints.,1
Hedge funds remain range-bound ahead of the Fed meeting.,1
High-yield debt sustain dividend payouts before the bond auction.,1
Options traders remain uncorrelated to equities amid economic uncertainty.,1
Day traders offer inflation protection during peak trading volumes.,1
Crude oil benchmarks benefit from strong fundamentals after corporate guidance cuts.,1
Gold futures show steady cash flow ahead of the CPI print.,1
Forex speculators benefit from strong fundamentals during the holiday trading session.,1
Day traders offer inflation protection during market open hours.,1
NASDAQ Composite remain uncorrelated to equities during peak trading volumes.,1
Semiconductor fabs track benchmark indices closely during market open hours.,1
Semiconductor fabs exhibit defensive characteristics in the wake of policy changes.,1
Corporate bond spreads remain range-bound during peak trading volumes.,1
Semiconductor fabs provide predictable yields as retail demand surges.,1
Biotech pipelines provide predictable yields during a risk-off sell-off.,1
Crude oil benchmarks trade within narrow bands amid economic uncertainty.,1
Tech startup valuations offer stable returns amid rising inflation expectations.,1
Forex speculators sustain dividend payouts this week.,1
High-yield debt see gradual growth this week.,1
Tech startup valuations see gradual growth ahead of the CPI print.,1
Sovereign wealth funds remain uncorrelated to equities this week.,1
Crude oil benchmarks trade within narrow bands amid rising inflation expectations.,1
Consumer staples show steady cash flow amid liquidity constraints.,1
Bitcoin prices demonstrate low beta this quarter.,1
Ethereum volatility trade within narrow bands year-to-date.,1
Day traders maintain low volatility amid economic uncertainty.,1
S&P 500 index offer stable returns over the past year.,1
Luxury goods shares see consistent inflows this week.,1
Institutional funds remain uncorrelated to equities this quarter.,1
Real estate REITs maintain low volatility this quarter.,1
Emerging-market equities hold value over time ahead of the CPI print.,1
Healthcare IPOs show steady cash flow since last earnings season.,1
Consumer staples maintain high credit ratings during the holiday trading session.,1
Options traders attract long-term investors amid liquidity constraints.,1
Luxury goods shares remain range-bound after a major merger announcement.,1
Forex speculators display robust financials following central bank remarks.,1
Gold futures maintain low volatility ahead of the Fed meeting.,1
Retail investors display robust financials amid rising inflation expectations.,1
Tech startup valuations display robust financials amid liquidity constraints.,1
Biotech pipelines remain range-bound over the past year.,1
Hedge funds show steady cash flow ahead of the Fed meeting.,1
NASDAQ Composite track benchmark indices closely in the wake of policy changes.,1
Green energy stocks offer stable returns during peak trading volumes.,1
Biotech pipelines demonstrate low beta before the bond auction.,1
Day traders deliver consistent performance over the past year.,1
Emerging-market equities exhibit defensive characteristics amid liquidity constraints.,1
Semiconductor fabs offer inflation protection in the wake of policy changes.,1
Green energy stocks show steady cash flow this week.,1
Day traders remain uncorrelated to equities ahead of the Fed meeting.,1
Real estate REITs sustain dividend payouts during the holiday trading session.,1
Options traders benefit from strong fundamentals this quarter.,1
Automotive suppliers attract long-term investors in the wake of policy changes.,1
S&P 500 index see gradual growth since last earnings season.,1
Gold futures offer inflation protection after a major merger announcement.,1
Gold futures exhibit defensive characteristics during the holiday trading session.,1
Consumer staples exhibit defensive characteristics after a major merger announcement.,1
High-yield debt maintain low volatility ahead of the CPI print.,1
Green energy stocks deliver consistent performance over the past year.,1
Institutional funds exhibit defensive characteristics since last earnings season.,1
Corporate bond spreads see gradual growth in the wake of policy changes.,1
High-yield debt maintain high credit ratings since last earnings season.,1
Tech startup valuations trade within narrow bands during market open hours.,1
Luxury goods shares maintain low volatility ahead of the Fed meeting.,1
Consumer staples remain range-bound amid rising inflation expectations.,1
Tech startup valuations exhibit defensive characteristics amid economic uncertainty.,1
10-year Treasury yield offer stable returns amid liquidity constraints.,1
Ethereum volatility demonstrate low beta during market open hours.,1
High-yield debt demonstrate low beta ahead of the CPI print.,1
Tech startup valuations maintain high credit ratings following central bank remarks.,1
Retail investors maintain high credit ratings during the holiday trading session.,1
Institutional funds offer inflation protection amid economic uncertainty.,1
S&P 500 index offer stable returns as retail demand surges.,1
Gold futures demonstrate low beta year-to-date.,1
Consumer staples display robust financials after a major merger announcement.,1
Green energy stocks offer stable returns since last earnings season.,1
Retail investors see gradual growth as retail demand surges.,1
High-yield debt remain range-bound in the wake of policy changes.,1
Sovereign wealth funds sustain dividend payouts since last earnings season.,1
Day traders deliver consistent performance ahead of the Fed meeting.,1
High-yield debt demonstrate low beta following central bank remarks.,1
Real estate REITs see consistent inflows this week.,1
Emerging-market equities offer inflation protection after corporate guidance cuts.,1
Biotech pipelines remain range-bound amid rising inflation expectations.,1
10-year Treasury yield show steady cash flow during a risk-off sell-off.,1
NASDAQ Composite exhibit defensive characteristics in the wake of policy changes.,1
Automotive suppliers attract long-term investors following central bank remarks.,1
Pension fund allocations sustain dividend payouts over the past year.,1
Healthcare IPOs maintain low volatility amid liquidity constraints.,1
Pension fund allocations see consistent inflows before the bond auction.,1
NASDAQ Composite remain range-bound during the holiday trading session.,1
Day traders hold value over time since last earnings season.,1
Sovereign wealth funds maintain high credit ratings as retail demand surges.,1
Emerging-market equities attract long-term investors amid liquidity constraints.,1
NASDAQ Composite see consistent inflows year-to-date.,1
S&P 500 index deliver consistent performance in the wake of policy changes.,1
Day traders display robust financials following central bank remarks.,1
Tech startup valuations demonstrate low beta ahead of the Fed meeting.,1
Forex speculators provide predictable yields amid liquidity constraints.,1
NASDAQ Composite benefit from strong fundamentals following central bank remarks.,1
Pension fund allocations remain uncorrelated to equities during a risk-off sell-off.,1
Forex speculators remain uncorrelated to equities this week.,1
Emerging-market equities show steady cash flow over the past year.,1
Emerging-market equities trade within narrow bands over the past year.,1
Automotive suppliers attract long-term investors ahead of the Fed meeting.,1
Real estate REITs trade within narrow bands amid rising inflation expectations.,1
Green energy stocks see consistent inflows amid liquidity constraints.,1
Bitcoin prices sustain dividend payouts ahead of the Fed meeting.,1
Healthcare IPOs hold value over time during a risk-off sell-off.,1
Semiconductor fabs see consistent inflows during a risk-off sell-off.,1
Emerging-market equities provide predictable yields amid economic uncertainty.,1
NASDAQ Composite deliver consistent performance during the holiday trading session.,1
Tech startup valuations demonstrate low beta following central bank remarks.,1
Real estate REITs exhibit defensive characteristics amid economic uncertainty.,1
Forex speculators hold value over time amid economic uncertainty.,1
Healthcare IPOs see consistent inflows this week.,1
Biotech pipelines track benchmark indices closely after a major merger announcement.,1
Pension fund allocations offer stable returns amid rising inflation expectations.,1
Crude oil benchmarks deliver consistent performance after corporate guidance cuts.,1
S&P 500 index see consistent inflows as retail demand surges.,1
Bitcoin prices offer inflation protection ahead of the Fed meeting.,1
Gold futures remain uncorrelated to equities ahead of the Fed meeting.,1
Options traders deliver consistent performance amid rising inflation expectations.,1
Real estate REITs maintain low volatility during market open hours.,1
Ethereum volatility benefit from strong fundamentals ahead of the CPI print.,1
Gold futures see gradual growth during the holiday trading session.,1
Crude oil benchmarks trade within narrow bands during the holiday trading session.,1
Retail investors hold value over time amid liquidity constraints.,1
NASDAQ Composite show steady cash flow year-to-date.,1
Institutional funds remain range-bound in the wake of policy changes.,1
Consumer staples deliver consistent performance since last earnings season.,1
10-year Treasury yield remain uncorrelated to equities during the holiday trading session.,1
S&P 500 index see gradual growth as retail demand surges.,1
10-year Treasury yield demonstrate low beta following central bank remarks.,1
Semiconductor fabs trade within narrow bands during a risk-off sell-off.,1
Hedge funds trade within narrow bands amid rising inflation expectations.,1
Consumer staples remain range-bound following central bank remarks.,1
Crude oil benchmarks benefit from strong fundamentals amid liquidity constraints.,1
Forex speculators remain uncorrelated to equities since last earnings season.,1
Gold futures see consistent inflows this quarter.,1
Tech startup valuations hold value over time after a major merger announcement.,1
S&P 500 index benefit from strong fundamentals during market open hours.,1
Forex speculators deliver consistent performance amid rising inflation expectations.,1
Crude oil benchmarks remain uncorrelated to equities following central bank remarks.,1
Healthcare IPOs benefit from strong fundamentals since last earnings season.,1
Luxury goods shares offer stable returns ahead of the CPI print.,1
Day traders track benchmark indices closely year-to-date.,1
Corporate bond spreads sustain dividend payouts in the wake of policy changes.,1
Luxury goods shares benefit from strong fundamentals over the past year.,1
Real estate REITs see gradual growth before the bond auction.,1
Bitcoin prices demonstrate low beta during market open hours.,1
Semiconductor fabs offer stable returns ahead of the CPI print.,1
Real estate REITs remain uncorrelated to equities amid economic uncertainty.,1
Gold futures display robust financials after a major merger announcement.,1
Automotive suppliers see gradual growth since last earnings season.,1
Biotech pipelines see consistent inflows this quarter.,1
S&P 500 index offer inflation protection during a risk-off sell-off.,1
Retail investors track benchmark indices closely after corporate guidance cuts.,1
Hedge funds remain range-bound after corporate guidance cuts.,1
S&P 500 index benefit from strong fundamentals amid economic uncertainty.,1
Consumer staples remain range-bound this quarter.,1
Day traders track benchmark indices closely during peak trading volumes.,1
Real estate REITs provide predictable yields amid liquidity constraints.,1
Retail investors maintain low volatility this week.,1
Crude oil benchmarks show steady cash flow over the past year.,1
Bitcoin prices demonstrate low beta after a major merger announcement.,1
Gold futures offer stable returns over the past year.,1
Bitcoin prices remain uncorrelated to equities ahead of the CPI print.,1
Emerging-market equities maintain high credit ratings in the wake of policy changes.,1
Options traders sustain dividend payouts before the bond auction.,1
Luxury goods shares track benchmark indices closely after a major merger announcement.,1
Options traders provide predictable yields during the holiday trading session.,1
Biotech pipelines trade within narrow bands year-to-date.,1
Tech startup valuations maintain low volatility before the bond auction.,1
Gold futures see consistent inflows during market open hours.,1
Semiconductor fabs attract long-term investors during the holiday trading session.,1
Sovereign wealth funds maintain low volatility since last earnings season.,1
Ethereum volatility deliver consistent performance during market open hours.,1
Automotive suppliers attract long-term investors amid liquidity constraints.,1
Sovereign wealth funds see gradual growth before the bond auction.,1
Healthcare IPOs maintain high credit ratings this week.,1
Crude oil benchmarks track benchmark indices closely amid rising inflation expectations.,1
10-year Treasury yield offer inflation protection in the wake of policy changes.,1
S&P 500 index trade within narrow bands amid economic uncertainty.,1
Corporate bond spreads benefit from strong fundamentals since last earnings season.,1
Hedge funds sustain dividend payouts since last earnings season.,1
Retail investors show steady cash flow ahead of the CPI print.,1
Real estate REITs attract long-term investors ahead of the Fed meeting.,1
Options traders exhibit defensive characteristics following central bank remarks.,1
Ethereum volatility see consistent inflows after corporate guidance cuts.,1
10-year Treasury yield hold value over time amid economic uncertainty.,1
Semiconductor fabs see consistent inflows as retail demand surges.,1
Institutional funds trade within narrow bands during a risk-off sell-off.,1
Hedge funds see consistent inflows this week.,1
Crude oil benchmarks exhibit defensive characteristics since last earnings season.,1
Sovereign wealth funds remain range-bound during a risk-off sell-off.,1
Healthcare IPOs provide predictable yields ahead of the Fed meeting.,1
Institutional funds provide predictable yields before the bond auction.,1
Bitcoin prices maintain high credit ratings amid rising inflation expectations.,1
10-year Treasury yield offer inflation protection over the past year.,1
Healthcare IPOs demonstrate low beta amid liquidity constraints.,1
10-year Treasury yield see gradual growth after corporate guidance cuts.,1
Bitcoin prices deliver consistent performance amid liquidity constraints.,1
Forex speculators trade within narrow bands amid liquidity constraints.,1
Emerging-market equities see consistent inflows ahead of the CPI print.,1
Tech startup valuations remain uncorrelated to equities after a major merger announcement.,1
10-year Treasury yield exhibit defensive characteristics this quarter.,1
Retail investors maintain high credit ratings before the bond auction.,1
S&P 500 index demonstrate low beta during market open hours.,1
Tech startup valuations maintain low volatility as retail demand surges.,1
Day traders benefit from strong fundamentals over the past year.,1
Tech startup valuations maintain high credit ratings in the wake of policy changes.,1
Tech startup valuations remain uncorrelated to equities as retail demand surges.,1
Consumer staples sustain dividend payouts ahead of the CPI print.,1
10-year Treasury yield attract long-term investors this week.,1
Automotive suppliers see consistent inflows as retail demand surges.,1
Green energy stocks see consistent inflows following central bank remarks.,1
Institutional funds demonstrate low beta ahead of the Fed meeting.,1
Institutional funds see consistent inflows amid rising inflation expectations.,1
Bitcoin prices show steady cash flow this quarter.,1
Sovereign wealth funds benefit from strong fundamentals ahead of the CPI print.,1
Retail investors maintain low volatility over the past year.,1
Options traders attract long-term investors amid economic uncertainty.,1
Real estate REITs demonstrate low beta during peak trading volumes.,1
Hedge funds maintain low volatility in the wake of policy changes.,1
Tech startup valuations offer inflation protection amid rising inflation expectations.,1
Pension fund allocations maintain low volatility year-to-date.,1
Bitcoin prices trade within narrow bands year-to-date.,1
Bitcoin prices sustain dividend payouts year-to-date.,1
Pension fund allocations hold value over time amid rising inflation expectations.,1
High-yield debt sustain dividend payouts this week.,1
Green energy stocks offer inflation protection amid rising inflation expectations.,1
10-year Treasury yield maintain high credit ratings amid economic uncertainty.,1
Sovereign wealth funds see consistent inflows during the holiday trading session.,1
S&P 500 index exhibit defensive characteristics before the bond auction.,1
10-year Treasury yield maintain high credit ratings after a major merger announcement.,1
Hedge funds hold value over time during the holiday trading session.,1
Healthcare IPOs sustain dividend payouts year-to-date.,1
Biotech pipelines trade within narrow bands before the bond auction.,1
Crude oil benchmarks trade within narrow bands in the wake of policy changes.,1
Emerging-market equities show steady cash flow during the holiday trading session.,1
Options traders sustain dividend payouts after a major merger announcement.,1
Sovereign wealth funds hold value over time this quarter.,1
Green energy stocks maintain low volatility in the wake of policy changes.,1
Emerging-market equities hold value over time year-to-date.,1
Hedge funds remain range-bound this week.,1
Hedge funds display robust financials following central bank remarks.,1
Gold futures sustain dividend payouts as retail demand surges.,1
Forex speculators provide predictable yields after corporate guidance cuts.,1
Gold futures benefit from strong fundamentals during a risk-off sell-off.,1
Forex speculators demonstrate low beta during market open hours.,1
Options traders deliver consistent performance as retail demand surges.,1
Tech startup valuations maintain high credit ratings this quarter.,1
Emerging-market equities show steady cash flow ahead of the CPI print.,1
Biotech pipelines maintain low volatility amid rising inflation expectations.,1
Luxury goods shares show steady cash flow year-to-date.,1
Retail investors offer stable returns year-to-date.,1
10-year Treasury yield hold value over time following central bank remarks.,1
Automotive suppliers maintain high credit ratings as retail demand surges.,1
Real estate REITs offer stable returns following central bank remarks.,1
Sovereign wealth funds show steady cash flow ahead of the CPI print.,1
Crude oil benchmarks deliver consistent performance ahead of the CPI print.,1
Bitcoin prices sustain dividend payouts amid economic uncertainty.,1
Sovereign wealth funds offer stable returns over the past year.,1
Corporate bond spreads provide predictable yields before the bond auction.,1
Real estate REITs remain uncorrelated to equities over the past year.,1
Crude oil benchmarks maintain high credit ratings this week.,1
Healthcare IPOs hold value over time over the past year.,1
Pension fund allocations show steady cash flow amid economic uncertainty.,1
Healthcare IPOs sustain dividend payouts amid liquidity constraints.,1
Consumer staples sustain dividend payouts following central bank remarks.,1
Sovereign wealth funds see consistent inflows amid rising inflation expectations.,1
NASDAQ Composite attract long-term investors after corporate guidance cuts.,1
Hedge funds see gradual growth following central bank remarks.,1
Green energy stocks offer stable returns in the wake of policy changes.,1
Consumer staples offer stable returns during market open hours.,1
Emerging-market equities remain range-bound amid liquidity constraints.,1
Hedge funds provide predictable yields after corporate guidance cuts.,1
Retail investors maintain high credit ratings amid economic uncertainty.,1
Tech startup valuations remain uncorrelated to equities during peak trading volumes.,1
Luxury goods shares demonstrate low beta during a risk-off sell-off.,1
Tech startup valuations deliver consistent performance before the bond auction.,1
Hedge funds maintain low volatility during market open hours.,1
Ethereum volatility benefit from strong fundamentals before the bond auction.,1
Pension fund allocations show steady cash flow amid rising inflation expectations.,1
Pension fund allocations deliver consistent performance after a major merger announcement.,1
Corporate bond spreads see gradual growth year-to-date.,1
Bitcoin prices benefit from strong fundamentals over the past year.,1
Consumer staples attract long-term investors as retail demand surges.,1
Corporate bond spreads see gradual growth following central bank remarks.,1
Retail investors sustain dividend payouts since last earnings season.,1
Green energy stocks see consistent inflows amid rising inflation expectations.,1
Green energy stocks deliver consistent performance this week.,1
Institutional funds offer inflation protection this week.,1
Forex speculators provide predictable yields amid rising inflation expectations.,1
High-yield debt benefit from strong fundamentals over the past year.,1
Healthcare IPOs deliver consistent performance during a risk-off sell-off.,1
High-yield debt hold value over time this quarter.,1
10-year Treasury yield track benchmark indices closely amid liquidity constraints.,1
Semiconductor fabs show steady cash flow following central bank remarks.,1
Emerging-market equities maintain high credit ratings this quarter.,1
Ethereum volatility remain range-bound this quarter.,1
Biotech pipelines display robust financials amid liquidity constraints.,1
High-yield debt track benchmark indices closely after a major merger announcement.,1
Green energy stocks provide predictable yields ahead of the CPI print.,1
Emerging-market equities show steady cash flow since last earnings season.,1
Bitcoin prices display robust financials during peak trading volumes.,1
Real estate REITs demonstrate low beta after corporate guidance cuts.,1
Luxury goods shares offer stable returns during the holiday trading session.,1
S&P 500 index show steady cash flow following central bank remarks.,1
Biotech pipelines deliver consistent performance during a risk-off sell-off.,1
Gold futures maintain high credit ratings year-to-date.,1
Institutional funds offer stable returns following central bank remarks.,1
Consumer staples offer inflation protection during market open hours.,1
Retail investors maintain low volatility as retail demand surges.,1
Corporate bond spreads maintain high credit ratings during the holiday trading session.,1
Biotech pipelines track benchmark indices closely amid rising inflation expectations.,1
Automotive suppliers track benchmark indices closely ahead of the CPI print.,1
Forex speculators remain uncorrelated to equities during market open hours.,1
10-year Treasury yield remain range-bound amid liquidity constraints.,1
10-year Treasury yield attract long-term investors year-to-date.,1
Institutional funds deliver consistent performance during peak trading volumes.,1
Luxury goods shares see consistent inflows this quarter.,1
Bitcoin prices see gradual growth after a major merger announcement.,1
Real estate REITs track benchmark indices closely during the holiday trading session.,1
Consumer staples maintain high credit ratings since last earnings season.,1
10-year Treasury yield hold value over time this quarter.,1
Automotive suppliers see gradual growth following central bank remarks.,1
Emerging-market equities provide predictable yields ahead of the Fed meeting.,1
Sovereign wealth funds demonstrate low beta during a risk-off sell-off.,1
Pension fund allocations exhibit defensive characteristics following central bank remarks.,1
Corporate bond spreads offer stable returns since last earnings season.,1
High-yield debt show steady cash flow ahead of the Fed meeting.,1
S&P 500 index deliver consistent performance year-to-date.,1
Green energy stocks display robust financials during a risk-off sell-off.,1
Semiconductor fabs benefit from strong fundamentals amid economic uncertainty.,1
Crude oil benchmarks see consistent inflows since last earnings season.,1
High-yield debt remain uncorrelated to equities following central bank remarks.,1
Hedge funds offer stable returns year-to-date.,1
Tech startup valuations deliver consistent performance during the holiday trading session.,1
Retail investors see gradual growth during market open hours.,1
NASDAQ Composite hold value over time as retail demand surges.,1
Corporate bond spreads maintain high credit ratings this quarter.,1
Real estate REITs see consistent inflows following central bank remarks.,1
Healthcare IPOs trade within narrow bands amid economic uncertainty.,1
Crude oil benchmarks remain range-bound during market open hours.,1
NASDAQ Composite maintain low volatility since last earnings season.,1
Real estate REITs hold value over time over the past year.,1
Hedge funds deliver consistent performance during market open hours.,1
Luxury goods shares maintain high credit ratings year-to-date.,1
Emerging-market equities maintain high credit ratings after a major merger announcement.,1
Corporate bond spreads see gradual growth amid rising inflation expectations.,1
Sovereign wealth funds show steady cash flow amid liquidity constraints.,1
Automotive suppliers benefit from strong fundamentals ahead of the Fed meeting.,1
Forex speculators attract long-term investors over the past year.,1
Consumer staples show steady cash flow following central bank remarks.,1
Healthcare IPOs maintain low volatility before the bond auction.,1
Gold futures offer inflation protection after corporate guidance cuts.,1
NASDAQ Composite hold value over time after corporate guidance cuts.,1
Crude oil benchmarks display robust financials amid economic uncertainty.,1
Tech startup valuations demonstrate low beta amid liquidity constraints.,1
Tech startup valuations remain uncorrelated to equities ahead of the CPI print.,1
Corporate bond spreads demonstrate low beta in the wake of policy changes.,1
Forex speculators display robust financials as retail demand surges.,1
Day traders display robust financials this quarter.,1
Day traders show steady cash flow amid rising inflation expectations.,1
Consumer staples exhibit defensive characteristics ahead of the Fed meeting.,1
Luxury goods shares show steady cash flow this quarter.,1
Gold futures see gradual growth ahead of the Fed meeting.,1
Luxury goods shares remain range-bound amid liquidity constraints.,1
Gold futures see consistent inflows ahead of the Fed meeting.,1
NASDAQ Composite offer stable returns after a major merger announcement.,1
High-yield debt trade within narrow bands as retail demand surges.,1
Gold futures offer stable returns during market open hours.,1
Automotive suppliers demonstrate low beta amid rising inflation expectations.,1
Biotech pipelines attract long-term investors after a major merger announcement.,1
Corporate bond spreads maintain high credit ratings after corporate guidance cuts.,1
Pension fund allocations show steady cash flow year-to-date.,1
S&P 500 index remain range-bound this quarter.,1
Semiconductor fabs attract long-term investors ahead of the Fed meeting.,1
Institutional funds maintain low volatility before the bond auction.,1
Emerging-market equities remain uncorrelated to equities during peak trading volumes.,1
Emerging-market equities attract long-term investors during the holiday trading session.,1
Healthcare IPOs sustain dividend payouts during a risk-off sell-off.,1
Gold futures display robust financials since last earnings season.,1
Emerging-market equities track benchmark indices closely in the wake of policy changes.,1
Automotive suppliers maintain high credit ratings over the past year.,1
Luxury goods shares track benchmark indices closely amid rising inflation expectations.,1
Retail investors remain range-bound following central bank remarks.,1
Consumer staples demonstrate low beta during a risk-off sell-off.,1
Ethereum volatility exhibit defensive characteristics during peak trading volumes.,1
Bitcoin prices offer inflation protection during the holiday trading session.,1
Bitcoin prices demonstrate low beta after corporate guidance cuts.,1
NASDAQ Composite trade within narrow bands before the bond auction.,1
Bitcoin prices maintain high credit ratings after corporate guidance cuts.,1
Luxury goods shares hold value over time in the wake of policy changes.,1
High-yield debt display robust financials during a risk-off sell-off.,1
Automotive suppliers maintain high credit ratings this quarter.,1
S&P 500 index maintain low volatility in the wake of policy changes.,1
Retail investors remain range-bound in the wake of policy changes.,1
Emerging-market equities sustain dividend payouts over the past year.,1
Day traders display robust financials year-to-date.,1
Consumer staples display robust financials since last earnings season.,1
Semiconductor fabs sustain dividend payouts since last earnings season.,1
Crude oil benchmarks offer stable returns year-to-date.,1
High-yield debt remain uncorrelated to equities during a risk-off sell-off.,1
Bitcoin prices remain range-bound during peak trading volumes.,1
Institutional funds sustain dividend payouts over the past year.,1
NASDAQ Composite attract long-term investors after a major merger announcement.,1
Corporate bond spreads hold value over time in the wake of policy changes.,1
Institutional funds maintain low volatility this quarter.,1
Gold futures remain range-bound this week.,1
Sovereign wealth funds maintain low volatility during the holiday trading session.,1
Forex speculators see consistent inflows during a risk-off sell-off.,1
Green energy stocks benefit from strong fundamentals after a major merger announcement.,1
Sovereign wealth funds remain uncorrelated to equities before the bond auction.,1
Forex speculators maintain high credit ratings since last earnings season.,1
Tech startup valuations remain uncorrelated to equities after corporate guidance cuts.,1
10-year Treasury yield demonstrate low beta amid economic uncertainty.,1
Semiconductor fabs exhibit defensive characteristics ahead of the Fed meeting.,1
Retail investors exhibit defensive characteristics during the holiday trading session.,1
Healthcare IPOs sustain dividend payouts this week.,1
Institutional funds display robust financials after corporate guidance cuts.,1
Pension fund allocations offer stable returns year-to-date.,1
Options traders demonstrate low beta as retail demand surges.,1
Retail investors trade within narrow bands after a major merger announcement.,1
High-yield debt exhibit defensive characteristics amid liquidity constraints.,1
S&P 500 index demonstrate low beta during peak trading volumes.,1
Consumer staples offer inflation protection after corporate guidance cuts.,1
Green energy stocks trade within narrow bands ahead of the CPI print.,1
High-yield debt offer inflation protection since last earnings season.,1
Ethereum volatility benefit from strong fundamentals as retail demand surges.,1
Tech startup valuations maintain low volatility year-to-date.,1
High-yield debt see gradual growth in the wake of policy changes.,1
S&P 500 index maintain high credit ratings amid liquidity constraints.,1
Emerging-market equities benefit from strong fundamentals as retail demand surges.,1
Healthcare IPOs demonstrate low beta during peak trading volumes.,1
Ethereum volatility maintain low volatility this quarter.,1
Biotech pipelines sustain dividend payouts during a risk-off sell-off.,1
Day traders demonstrate low beta as retail demand surges.,1
Gold futures exhibit defensive characteristics amid liquidity constraints.,1
